[
  {
    "order_identifier": "Number",
    "customer_support_identifier": "string",
    "contract_date": "dd/mm/yyyy",
    "contract_territory": "string",
    "non_standard_terms": [{
      "term_name": "string",
      "term_description": "string"
      }],
    "contract_terminated": "yes/no",
    "total_capex_cost_of_contract": "string",
    /*
    "total_opex_cost_of_contract": [{
      "contract_dates": "dd/mm/yyyy",
      "costs": "Number"
      }],
    */
    "support_contract": [{
      "support_contract_number": "Number",
      "support_start_date": "dd/mm/yyyy",
      "support_end_date": "dd/mm/yyyy",
      "support_term": "string",
      "support_offer_expiration": "dd/mm/yyyy",
      "support_representive": "string",
      "support_service_number": "Number",
      "total_price": "Number",
      "currency": "string",
      "line_price": "Number"
      }],
    "oracle_licenses": [{
      "product_name": "string",
      "quantity": "Number",
      "metric": "string",
      "term": "string",
      "license_type": "string",
      "restrictions": "string",
      "license_notes": "string",
      "support_status": "string",
      "support_end_date": "dd/mm/yyyy",
      "unit_price": "123",
      "total_cost": "123",
      "discount": "string"
      }],
    "signed_by": "string",
    "signed_by_date": "dd/mm/yyyy",
    "contract_upload": "string",
    "contract_type": "string",
    "contract_imagepath": "string"
  }
]
