[
  {
    "database_instance_name": "String",
    "physical_server_name": "server_name",
    "virtual_server_name": "server_name",
    "pluggable_databases": "String",
    "environment_usage": "String",
    "options_in_use": [{
      "option_in_use": "String",
      "start_date": "dd/mm/yyyy",
      "end_date": "dd/mm/yyyy"
    }],
    "rac_nodes": "String",
    "fal_server": "String",
    "fal_client": "String",
    "cpu_count": "Number",
    "cpu_count_default": "yes/no",
    "installation_date": "dd/mm/yyyy",
    "users_defined": "Number",
    "product_edition": "String",
    "product_version": "String",
    "control_management_pack_access": "yes/no",
    "current_sessions": "Number",
    "highwater_sessions": "String",
    "database_cloned_from": "String",
    "database_cloned_date": "dd/mm/yyyy",
    "application_name": "String",
    "application_vendor": "String",
    "application_type": "String",
    "architecture_type": "String",
    "user_type": "String",
    "web_or_app_tier_server_name": "String",
    "ebs_release": "String",
    "end_user": "compid",
    "virtualisation_tech": "String"
  }
]
