[
  {
    "company": "company_name",
    "server_name": "String",
    "server_model": "String",
    "operating_system": "String",
    "processor_model": "String",
    "processors": "Number",
    "cores_per_processor": "Number",
    "total_physical_cores": "Number",
    "cores_enabled": "Number",
    "threads_per_core": "Number",
    "multi_core_chip_or_multi_chip_model": "String",
    "processor_speed": "String",
    "server_purchase_date": "dd/mm/yyyy",
    "server_location": "String",
    "commission_date": "dd/mm/yyyy",
    "decommission_date": "dd/mm/yyyy",
    "hardware_refresh_term_or_date": "String",
    "license_allocated_to_server": [{
      "product_licensed":  "order_identifier",
      "license_metric_allocated": "String",
      "number_of_licenses_in_use": "Number",
      "contract_linked":  "order_identifier",
      "restricted_use": "String"
      }]
  }
]
